Unmatched Shingle,Search Query,Visits,Revenue
"align 4""","align 4""",1558,"$13,599.70"
beacon,beacon,1742024,"$12,485,038.56"
light house,light house,1742024,"$12,485,038.56"
house,light house,1742024,"$12,485,038.56"
belt bag,belt bag,1742024,"$12,485,038.56"
define jacket,define jacket,462670,"$3,566,816.44"
sale,sale,234510,"$1,233,613.01"
everywhere belt,everywhere belt bag,207788,"$1,438,011.22"
everywhere belt bag,everywhere belt bag,207788,"$1,438,011.22"
belt bag,everywhere belt bag,207788,"$1,438,011.22"
align tank,align tank,225922,"$1,190,313.39"
align leggings,align leggings,174881,"$2,091,488.85"
swiftly tech,swiftly tech,176779,"$1,156,425.87"
softstreme,softstreme,141066,"$1,755,525.16"
align shorts,align shorts,84762,"$481,719.46"
hotty hots,hotty hots,84926,"$156,386.10"
hots,hotty hots,84926,"$156,386.10"
tank top,tank top,92157,"$297,975.90"
water bottle,water bottle,101085,"$381,745.55"
bottle,water bottle,101085,"$381,745.55"
hotty hotty,hotty hotty shorts,75751,"$551,988.95"
hotty hotty shorts,hotty hotty shorts,75751,"$551,988.95"
hotty shorts,hotty hotty shorts,75751,"$551,988.95"
fanny,fanny pack,72109,"$442,311.88"
fanny pack,fanny pack,72109,"$442,311.88"
sports bra,sports bra,69850,"$482,212.65"
swiftly top,swiftly top,58593,"$282,759.90"
swiftly tech,swiftly tech shirts,62483,"$381,891.50"
swiftly tech shirts,swiftly tech shirts,62483,"$381,891.50"
tech shirts,swiftly tech shirts,62483,"$381,891.50"
we made to,we made to much,37765,"$86,045.40"
we made to much,we made to much,37765,"$86,045.40"
made to,we made to much,37765,"$86,045.40"
made to much,we made to much,37765,"$86,045.40"
to much,we made to much,37765,"$86,045.40"
we+made+too+much,we+made+too+much,28840,"$144,669.70"
biker,biker shorts,51024,"$146,760.05"
biker shorts,biker shorts,51024,"$146,760.05"
hot hotty,hot hotty,53054,"$240,317.30"
black leggings,black leggings,54696,"$358,375.82"
shorts hotty,shorts hotty hot,50362,"$248,956.35"
shorts hotty hot,shorts hotty hot,50362,"$248,956.35"
bag belt,bag belt,57841,"$318,046.65"
women's,women's short,44354,"$235,963.60"
women's short,women's short,44354,"$235,963.60"
crossbody bag,crossbody bag,44113,"$277,192.70"
align short,align short,55078,"$427,484.11"
yoga mat,yoga mat,51681,"$752,329.75"
speed ups,speed ups,48856,"$109,828.05"
ups,speed ups,48856,"$109,828.05"
ebb to street tank,ebb to street tank,57290,"$437,690.85"
to street tank,ebb to street tank,57290,"$437,690.85"
street tank,ebb to street tank,57290,"$437,690.85"
scuba hoodie,scuba hoodie,86244,"$1,534,340.17"
hoodie,scuba hoodie,86244,"$1,534,340.17"
align dress,align dress,56863,"$439,280.73"
lululemon align,lululemon align leggings,82952,"$1,796,477.65"
lululemon align leggings,lululemon align leggings,82952,"$1,796,477.65"
align leggings,lululemon align leggings,82952,"$1,796,477.65"
align bra,align bra,47408,"$244,170.82"
back,back in action,41323,"$383,428.51"
back in,back in action,41323,"$383,428.51"
back in action,back in action,41323,"$383,428.51"
in action,back in action,41323,"$383,428.51"
action,back in action,41323,"$383,428.51"
align top,align top,46025,"$190,555.25"
men's,men's shorts,37784,"$234,366.58"
men's shorts,men's shorts,37784,"$234,366.58"
everywhere crossbody,everywhere crossbody bag,39908,"$247,984.25"
everywhere crossbody bag,everywhere crossbody bag,39908,"$247,984.25"
crossbody bag,everywhere crossbody bag,39908,"$247,984.25"
swiftly shirt,swiftly shirt,53547,"$469,522.85"
tennis skirt,tennis skirt,36554,"$290,504.58"
flare,flare,53461,"$521,408.40"
dance studio pants,dance studio pants,44796,"$377,207.60"
studio pants,dance studio pants,44796,"$377,207.60"
fast and,fast and free,46169,"$442,761.09"
fast and free,fast and free,46169,"$442,761.09"
and free,fast and free,46169,"$442,761.09"
clearance,clearance,26539,"$139,313.10"
bike short,bike short,29690,"$99,422.55"
speed up shorts,speed up shorts,38082,"$207,414.90"
up shorts,speed up shorts,38082,"$207,414.90"
ribbed,ribbed,39489,"$423,304.16"
dual,dual pouch wristlet,65252,"$787,321.15"
dual pouch,dual pouch wristlet,65252,"$787,321.15"
dual pouch wristlet,dual pouch wristlet,65252,"$787,321.15"
pouch wristlet,dual pouch wristlet,65252,"$787,321.15"
wristlet,dual pouch wristlet,65252,"$787,321.15"
scuba half,scuba half zip,48439,"$511,283.90"
scuba half zip,scuba half zip,48439,"$511,283.90"
track,track that,37121,"$216,137.30"
track that,track that,37121,"$216,137.30"
that,track that,37121,"$216,137.30"
crossbody belt,crossbody belt bag,35039,"$201,992.95"
crossbody belt bag,crossbody belt bag,35039,"$201,992.95"
belt bag,crossbody belt bag,35039,"$201,992.95"
camo leggings,camo leggings,32376,"$226,251.75"
lipgloss,lipgloss,29408,"$131,304.20"
energy bra,energy bra,39600,"$327,343.17"
flare,flare leggings,35271,"$225,701.50"
flare leggings,flare leggings,35271,"$225,701.50"
women's,women's end of year finds,16470,"$44,044.90"
women's end,women's end of year finds,16470,"$44,044.90"
women's end of,women's end of year finds,16470,"$44,044.90"
women's end of year,women's end of year finds,16470,"$44,044.90"
women's end of year finds,women's end of year finds,16470,"$44,044.90"
end,women's end of year finds,16470,"$44,044.90"
end of,women's end of year finds,16470,"$44,044.90"
end of year,women's end of year finds,16470,"$44,044.90"
end of year finds,women's end of year finds,16470,"$44,044.90"
of,women's end of year finds,16470,"$44,044.90"
of year,women's end of year finds,16470,"$44,044.90"
of year finds,women's end of year finds,16470,"$44,044.90"
year finds,women's end of year finds,16470,"$44,044.90"
finds,women's end of year finds,16470,"$44,044.90"
hotty hot shorts,hotty hot shorts,31182,"$140,462.15"
hot shorts,hotty hot shorts,31182,"$140,462.15"
women's,women's shorts,23067,"$103,045.15"
women's shorts,women's shorts,23067,"$103,045.15"
hoodie,hoodie,40744,"$429,836.98"
swiftly tech,swiftly tech short sleeve,32160,"$297,065.15"
swiftly tech short,swiftly tech short sleeve,32160,"$297,065.15"
swiftly tech short sleeve,swiftly tech short sleeve,32160,"$297,065.15"
tech short,swiftly tech short sleeve,32160,"$297,065.15"
tech short sleeve,swiftly tech short sleeve,32160,"$297,065.15"
tennis skirts,tennis skirts,26046,"$243,105.46"
sales,sales,17471,"$66,609.40"
sculpt tank,sculpt tank,26024,"$199,160.60"
