Left Term,Match Type,Entity,Original Line,Rewritten Line
go getter,,,go getter => duffle bag,"go getter => go getter, duffle bag"
chino,partial,product_customAttribute4,"chino => abc pant, abc pants, abc trouser, abc trousers, chino short, chino shorts, chinos short, chinos shorts","chino => chino, abc pant, abc pants, abc trouser, abc trousers, chino short, chino shorts, chinos short, chinos shorts"
chinos,full,product_customAttribute4,"chinos => abc pant, abc pants, abc trouser, abc trousers, chino short, chino shorts, chinos short, chinos shorts","chinos => chinos, abc pant, abc pants, abc trouser, abc trousers, chino short, chino shorts, chinos short, chinos shorts"
sweater,,,"sweater => cardigan, sweater, turtleneck, alpine air","sweater => sweater, cardigan, sweater, turtleneck, alpine air"
crops,,,crops => capris,"crops => crops, capris"
maternity,,,"maternity => new parent bag, align pant, align jogger, align short, all yours dress, LA funnel neck dress, v-neck midi dress, back in action dress, ease of it all dress, perfectly oversized crew","maternity => maternity, new parent bag, align pant, align jogger, align short, all yours dress, LA funnel neck dress, v-neck midi dress, back in action dress, ease of it all dress, perfectly oversized crew"
pregnant,,,"pregnant => new parent bag, align pant, align jogger, align short, all yours dress, LA funnel neck dress, v-neck midi dress, back in action dress, ease of it all dress, perfectly oversized crew","pregnant => pregnant, new parent bag, align pant, align jogger, align short, all yours dress, LA funnel neck dress, v-neck midi dress, back in action dress, ease of it all dress, perfectly oversized crew"
pregnancy,,,"pregnancy => align pant, align jogger, align short, all yours dress, LA funnel neck dress, v-neck midi dress, back in action dress, ease of it all dress, perfectly oversized crew","pregnancy => pregnancy, align pant, align jogger, align short, all yours dress, LA funnel neck dress, v-neck midi dress, back in action dress, ease of it all dress, perfectly oversized crew"
speed up collection,,,speed up collection => speed up,"speed up collection => speed up collection, speed up"
on my level,,,on my level => tote bag,"on my level => on my level, tote bag"
align shop,,,align shop => align,"align shop => align shop, align"
align collection,,,align collection => align,"align collection => align collection, align"
abc shop,,,abc shop => abc,"abc shop => abc shop, abc"
bodywear,,,bodywear => wundermost,"bodywear => bodywear, wundermost"
metal vent tech shop,,,metal vent tech shop => metal vent tech,"metal vent tech shop => metal vent tech shop, metal vent tech"
city sweat shop,,,city sweat shop => city sweat,"city sweat shop => city sweat shop, city sweat"
wunder under shop,,,wunder under shop => wunder under,"wunder under shop => wunder under shop, wunder under"
wunder under collection,,,wunder under collection => wunder under,"wunder under collection => wunder under collection, wunder under"
metal vent breathe,,,metal vent breathe => metal vent tech,"metal vent breathe => metal vent breathe, metal vent tech"
swiftly shop,,,swiftly shop => swiftly,"swiftly shop => swiftly shop, swiftly"
fast & free shop,,,fast & free shop => fast and free,"fast & free shop => fast & free shop, fast and free"
nulu,,,"nulu => align, nulu","nulu => nulu, align, nulu"
puffers,,,puffers => puffer,"puffers => puffers, puffer"
spin,,,spin => bike,"spin => spin, bike"
biker,,,biker => bike,"biker => biker, bike"
tye dye,,,tye dye => tie dye,"tye dye => tye dye, tie dye"
bralette,,,"bralette => awake to lace bra, hold true bra","bralette => bralette, awake to lace bra, hold true bra"
camisole,,,"camisole => power y, free tank everlux, held tight tank, align tank, power pivot, cool racerback, ebb to street tank top","camisole => camisole, power y, free tank everlux, held tight tank, align tank, power pivot, cool racerback, ebb to street tank top"
lined leggings,,,lined leggings => brushed leggings,"lined leggings => lined leggings, brushed leggings"
lined legging,,,lined legging => brushed leggings,"lined legging => lined legging, brushed leggings"
on the fly skirt,,,on the fly skirt => skirts,"on the fly skirt => on the fly skirt, skirts"
makeup bag,,,"makeup bag => kit, pouch","makeup bag => makeup bag, kit, pouch"
pencil case,,,pencil case => pouch,"pencil case => pencil case, pouch"
explore membership,,,explore membership => membership,"explore membership => explore membership, membership"
swiftly love,,,"swiftly love => swiftly, love tee, love crew, love tank","swiftly love => swiftly love, swiftly, love tee, love crew, love tank"
love swiftly,,,"love swiftly => swiftly, love tee, love crew, love tank","love swiftly => love swiftly, swiftly, love tee, love crew, love tank"
jacket bag,,,jacket bag => packable coats & jackets,"jacket bag => jacket bag, packable coats & jackets"
boyfriend,,,"boyfriend => oversized, all yours tee, all yours short sleeve, boxy","boyfriend => boyfriend, oversized, all yours tee, all yours short sleeve, boxy"
flare leggings,,,"flare leggings => align wide leg crop, groove, flare pant","flare leggings => flare leggings, align wide leg crop, groove, flare pant"
sweatsuit,,,"sweatsuit => sweatpants, sweatshirts","sweatsuit => sweatsuit, sweatpants, sweatshirts"
shawl,,,"shawl => poncho, scarf, wrap","shawl => shawl, poncho, scarf, wrap"
straight leg,,,"straight leg => trousers, bootcut","straight leg => straight leg, trousers, bootcut"
toiletry bag,,,"toiletry bag => pouch, selfcare","toiletry bag => toiletry bag, pouch, selfcare"
cami leggings,,,cami leggings => camo leggings,"cami leggings => cami leggings, camo leggings"
matching,,,"matching => sweatpants, hoodies, sweatshirts, sweat shorts","matching => matching, sweatpants, hoodies, sweatshirts, sweat shorts"
matching set,,,"matching set => sweatpants, hoodies, sweatshirts, sweat shorts","matching set => matching set, sweatpants, hoodies, sweatshirts, sweat shorts"
matching sets,,,"matching sets => sweatpants, hoodies, sweatshirts, sweat shorts","matching sets => matching sets, sweatpants, hoodies, sweatshirts, sweat shorts"
lounge sets,,,"lounge sets => sweatpants, hoodies, sweatshirts, sweat shorts","lounge sets => lounge sets, sweatpants, hoodies, sweatshirts, sweat shorts"
jogger set,,,"jogger set => sweatpants, hoodies, sweatshirts, sweat shorts","jogger set => jogger set, sweatpants, hoodies, sweatshirts, sweat shorts"
sweat suits,,,"sweat suits => sweatpants, hoodies, sweatshirts, sweat shorts","sweat suits => sweat suits, sweatpants, hoodies, sweatshirts, sweat shorts"
gaiter,,,gaiter => neck warmer,"gaiter => gaiter, neck warmer"
gaitor,,,gaitor => neck warmer,"gaitor => gaitor, neck warmer"
wonderpuff,,,wonderpuff => wunder puff,"wonderpuff => wonderpuff, wunder puff"
underware,,,underware => underwear,"underware => underware, underwear"
shine,,,"shine => matte copper foil, matte black foil","shine => shine, matte copper foil, matte black foil"
metallic,,,"metallic=> foil, shine, shiny","metallic => metallic, foil, shine, shiny"
cross leggings,,,"cross leggings => twist waist, aligned angles super high rise, cross waist, ruched waist","cross leggings => cross leggings, twist waist, aligned angles super high rise, cross waist, ruched waist"
crossover legging,,,"crossover legging => twist waist, aligned angles super high rise, cross waist, wrap waist, ruched waist","crossover legging => crossover legging, twist waist, aligned angles super high rise, cross waist, wrap waist, ruched waist"
crossed leggings,,,"crossed leggings => twist waist, aligned angles super high rise, cross waist, wrap waist, wrap waist, ruched waist","crossed leggings => crossed leggings, twist waist, aligned angles super high rise, cross waist, wrap waist, wrap waist, ruched waist"
cross over legging,,,"cross over legging => twist waist, aligned angles super high rise, cross waist, wrap waist, wrap waist, ruched waist","cross over legging => cross over legging, twist waist, aligned angles super high rise, cross waist, wrap waist, wrap waist, ruched waist"
criss cross,,,"criss cross => twist waist, aligned angles super high rise, cross waist, wrap waist, ruched waist","criss cross => criss cross, twist waist, aligned angles super high rise, cross waist, wrap waist, ruched waist"
criss cross leggings,,,"criss cross leggings => twist waist, aligned angles super high rise, cross waist, wrap waist, wrap waist, ruched waist","criss cross leggings => criss cross leggings, twist waist, aligned angles super high rise, cross waist, wrap waist, wrap waist, ruched waist"
cross legging,,,"cross legging => twist waist, aligned angles super high rise, cross waist, wrap waist, ruched waist","cross legging => cross legging, twist waist, aligned angles super high rise, cross waist, wrap waist, ruched waist"
shine,,,"shine => shine, matte copper foil, matte black foil","shine => shine, shine, matte copper foil, matte black foil"
foil,,,"foil => shine, foil","foil => foil, shine, foil"
metallic,,,"metallic => shine, matte copper foil, matte black foil","metallic => metallic, shine, matte copper foil, matte black foil"
cross waist,,,"cross waist => twist waist, aligned angles super high rise, cross waist","cross waist => cross waist, twist waist, aligned angles super high rise, cross waist"
ready to fleece,,,"ready to fleece => ready jogger, fleece jogger","ready to fleece => ready to fleece, ready jogger, fleece jogger"
velvet jogger,,,"velvet jogger => crush jogger, velvet pant","velvet jogger => velvet jogger, crush jogger, velvet pant"
royal blue,,,"royal blue => royal blue, regatta blue, cerulean blue, symphony blue, larkspur, blue nile","royal blue => royal blue, royal blue, regatta blue, cerulean blue, symphony blue, larkspur, blue nile"
velvet joggers,,,"velvet joggers => crush jogger, velvet pant","velvet joggers => velvet joggers, crush jogger, velvet pant"
funnel neck,,,"funnel neck => funnel, turtleneck","funnel neck => funnel neck, funnel, turtleneck"
funnel,,,"funnel => funnel, turtleneck","funnel => funnel, funnel, turtleneck"
toiletry,,,"toiletry => selfcare, pouch","toiletry => toiletry, selfcare, pouch"
mens sweater,,,mens sweater => mens sweatshirt,"mens sweater => mens sweater, mens sweatshirt"
mens sweaters,,,mens sweaters => mens sweatshirts,"mens sweaters => mens sweaters, mens sweatshirts"
colored leggings,,,"colored leggings => neon leggings, blue leggings, burgundy leggings, green leggings, multi leggings, orange leggings, pink leggings, purple leggings, red leggings, tie dye leggings","colored leggings => colored leggings, neon leggings, blue leggings, burgundy leggings, green leggings, multi leggings, orange leggings, pink leggings, purple leggings, red leggings, tie dye leggings"
card holder,,,"card holder => card holder, take it on crossbody pouch, true identity card case, logo pouch","card holder => card holder, card holder, take it on crossbody pouch, true identity card case, logo pouch"
track suit,,,"track suit => dance studio, track pants, track suit","track suit => track suit, dance studio, track pants, track suit"
speed wunder,,,"speed wunder => speed wunder, wunder under, speed up tight","speed wunder => speed wunder, speed wunder, wunder under, speed up tight"
fingerless gloves,,,"fingerless gloves => chevron knit mitten, training gloves, push the limit training gloves, train boxing wraps, armwarmers","fingerless gloves => fingerless gloves, chevron knit mitten, training gloves, push the limit training gloves, train boxing wraps, armwarmers"
wrap leggings,,,"wrap leggings => twist waist, wrap leggings","wrap leggings => wrap leggings, twist waist, wrap leggings"
tracksuit,,,"tracksuit => dance studio, track pants, track suit","tracksuit => tracksuit, dance studio, track pants, track suit"
under wear,,,under wear => underwear,"under wear => under wear, underwear"
small backpack,,,"small backpack => nano, city adventurer backpack micro, city adventurer backpack mini","small backpack => small backpack, nano, city adventurer backpack micro, city adventurer backpack mini"
makeup bags,,,makeup bags => pouch,"makeup bags => makeup bags, pouch"
cropped zip up,,,cropped zip up => cropped jacket,"cropped zip up => cropped zip up, cropped jacket"
speed wunder,,,"speed wunder => speed, wunder","speed wunder => speed wunder, speed, wunder"
free to be zen,,,"free to be zen => free to be wild, free to be bra","free to be zen => free to be zen, free to be wild, free to be bra"
train times,,,"train times        => workout leggings, workout shorts","train times => train times, workout leggings, workout shorts"
train time,,,"train time        => workout leggings, workout shorts","train time => train time, workout leggings, workout shorts"
scuba crop,,,"scuba crop => scuba high-rise jogger, scuba jogger, scuba oversized","scuba crop => scuba crop, scuba high-rise jogger, scuba jogger, scuba oversized"
flash forward,,,flash forward => womens running jacket,"flash forward => flash forward, womens running jacket"
key to balance,,,"key to balance => blissful bend tank, align tank, key","key to balance => key to balance, blissful bend tank, align tank, key"
key to balance tank,,,"key to balance tank => blissful bend tank, align tank, key","key to balance tank => key to balance tank, blissful bend tank, align tank, key"
on the fly short,,,on the fly short => women's casual shorts,"on the fly short => on the fly short, women's casual shorts"
on the fly shorts,,,on the fly shorts => women's casual shorts,"on the fly shorts => on the fly shorts, women's casual shorts"
on the fly,full,collections,on the fly => women's casual,"on the fly => on the fly, women's casual"
baby blue,,,"baby blue => pastel blue, silver blue, blue linen","baby blue => baby blue, pastel blue, silver blue, blue linen"
pale blue,,,"pale blue => pastel blue, silver blue, blue linen","pale blue => pale blue, pastel blue, silver blue, blue linen"
lined jogger,,,lined jogger => fleece jogger,"lined jogger => lined jogger, fleece jogger"
lined joggers,,,lined joggers => fleece jogger,"lined joggers => lined joggers, fleece jogger"
unleash,,,"unleash => womens workout bras, womens hoodies","unleash => unleash, womens workout bras, womens hoodies"
brick,,,"brick => highlight orange, canyon orange, saffron","brick => brick, highlight orange, canyon orange, saffron"
grove pant,,,grove pant => groove pant,"grove pant => grove pant, groove pant"
all hours,,,"all hours => belt bags, womens backpacks","all hours => all hours, belt bags, womens backpacks"
action always,,,action always => womens training shirts,"action always => action always, womens training shirts"
periwinkle,,,"periwinkle => lavender, water drop, blue linen, serene blue, chambray","periwinkle => periwinkle, lavender, water drop, blue linen, serene blue, chambray"
welterweight,,,"welterweight => mens hoodies, mens joggers","welterweight => welterweight, mens hoodies, mens joggers"
lime green,,,"lime green => highlight yellow, neo mint","lime green => lime green, highlight yellow, neo mint"
get centered,,,get centered => cropped hoodie,"get centered => get centered, cropped hoodie"
get centred,,,get centred => cropped hoodie,"get centred => get centred, cropped hoodie"
heart throb,,,heart throb => hot pink,"heart throb => heart throb, hot pink"
swiftly breeze,,,"swiftly breeze => swiftly relaxed, swiftly breathe","swiftly breeze => swiftly breeze, swiftly relaxed, swiftly breathe"
city stroll,,,city stroll => trench coat,"city stroll => city stroll, trench coat"
sun protection,,,"sun protection => uvp, uv","sun protection => sun protection, uvp, uv"
pushing limits,,,"pushing limits => yoga bras, yoga leggings","pushing limits => pushing limits, yoga bras, yoga leggings"
ballet slipper,,,"ballet slipper => pink mist, feather pink","ballet slipper => ballet slipper, pink mist, feather pink"
chase the chill,,,"chase the chill => cold weather leggings, cold weather shirts","chase the chill => chase the chill, cold weather leggings, cold weather shirts"
run off route,,,"run off route => running tank, running shirt","run off route => run off route, running tank, running shirt"
hydrangea blue,,,"hydrangea blue => blue linen, water drop, serene blue, blue cast, chambray","hydrangea blue => hydrangea blue, blue linen, water drop, serene blue, blue cast, chambray"
bluebell,,,"bluebell => royal blue, regatta blue, cerulean blue, symphony blue, larkspur, blue nile, bluebell","bluebell => bluebell, royal blue, regatta blue, cerulean blue, symphony blue, larkspur, blue nile, bluebell"
wild bluebell,,,"wild bluebell => blazer blue, poolside, larkspur, blue nile","wild bluebell => wild bluebell, blazer blue, poolside, larkspur, blue nile"
tankini,,,tankini => swim top,"tankini => tankini, swim top"
on the fly 78,,,on the fly 78 => women's trousers,"on the fly 78 => on the fly 78, women's trousers"
culottes,,,"culottes => align wide leg, soft ambitions high rise crop, wide-leg high rise, bound to bliss high-rise","culottes => culottes, align wide leg, soft ambitions high rise crop, wide-leg high rise, bound to bliss high-rise"
button up,,,"button up => button down, in the moment shirt, boxy seersucker short sleeve","button up => button up, button down, in the moment shirt, boxy seersucker short sleeve"
collared shirt,,,"collared shirt => button down, in the moment shirt, boxy seersucker short sleeve","collared shirt => collared shirt, button down, in the moment shirt, boxy seersucker short sleeve"
travel commute,,,"travel commute => travel, work","travel commute => travel commute, travel, work"
exercise dress,,,"exercise dress => tennis dress, running dress, workout dress","exercise dress => exercise dress, tennis dress, running dress, workout dress"
make up bag,,,make up bag => pouch,"make up bag => make up bag, pouch"
coin purse,,,"coin purse => wallet, pouch","coin purse => coin purse, wallet, pouch"
purse,,,purse => crossbody,"purse => purse, crossbody"
cargo,,,"cargo => cargo, metropolis maven","cargo => cargo, cargo, metropolis maven"
cargos,,,"cargos => cargos, metropolis maven","cargos => cargos, cargos, metropolis maven"
cargo pants,full,product_customAttribute4,"cargo pants => cargo, metropolis maven","cargo pants => cargo pants, cargo, metropolis maven"
scrubs,,,scrubs => dance studio pant,"scrubs => scrubs, dance studio pant"
yoga socks,,,yoga socks => find your balance,"yoga socks => yoga socks, find your balance"
pilates socks,,,pilates socks => find your balance,"pilates socks => pilates socks, find your balance"
barre socks,,,barre socks => find your balance,"barre socks => barre socks, find your balance"
fuzzy fanny pack,,,fuzzy fanny pack => fleece belt bag,"fuzzy fanny pack => fuzzy fanny pack, fleece belt bag"
crew backpack,,,crew backpack => backpack,"crew backpack => crew backpack, backpack"
forest green,,,"forest green => rainforest green, everglade green","forest green => forest green, rainforest green, everglade green"
drawstring bag,,,"drawstring bag => dual function, side-cinch shopper bag, paracord, take it on crossbody pouch, Play Forward Crossbody Pouch","drawstring bag => drawstring bag, dual function, side-cinch shopper bag, paracord, take it on crossbody pouch, Play Forward Crossbody Pouch"
turtleneck,,,"turtleneck => turtleneck, ready to rulu pullover, fleece insulated pullover, mock neck, pace pursuit long sleeve","turtleneck => turtleneck, turtleneck, ready to rulu pullover, fleece insulated pullover, mock neck, pace pursuit long sleeve"
ruched waist,,,"ruched waist => ruched waist, gathered waist, ribbed waist","ruched waist => ruched waist, ruched waist, gathered waist, ribbed waist"
burnt orange,,,"burnt orange => burnt orange, copper brown, desert sun","burnt orange => burnt orange, burnt orange, copper brown, desert sun"
scuba sweater,,,scuba sweater => scuba hoodies & sweatshirts,"scuba sweater => scuba sweater, scuba hoodies & sweatshirts"
yoga mat spray,,,yoga mat spray => yoga mat spray,"yoga mat spray => yoga mat spray, yoga mat spray"
reversible yoga mat,,,"reversible yoga mat => yoga mat, yoga mat spray","reversible yoga mat => reversible yoga mat, yoga mat, yoga mat spray"
fast track,,,"fast track => duffle, backpack","fast track => fast track, duffle, backpack"
fast as light,,,fast as light => womens training tank tops,"fast as light => fast as light, womens training tank tops"
spandex,,,"spandex => leggings, biker shorts","spandex => spandex, leggings, biker shorts"
tall shorts,,,"tall shorts => short 10, womens short 5, short 10, short 11","tall shorts => tall shorts, short 10, womens short 5, short 10, short 11"
nude,,,"nude => beige, tan, brown, trench, soft sand, smoky topaz, dusty bronze, misty shell, chantilly, frontier, cafe au lait, brown","nude => nude, beige, tan, brown, trench, soft sand, smoky topaz, dusty bronze, misty shell, chantilly, frontier, cafe au lait, brown"
bolster,,,"bolster => yoga block, yoga kit","bolster => bolster, yoga block, yoga kit"
commute,,,"commute => work, on the move","commute => commute, work, on the move"
waterproof pants,,,waterproof pants => water resistant pants,"waterproof pants => waterproof pants, water resistant pants"
tech fleece,,,"tech fleece => Base Pace Fleece, Adapted State High-Rise Fleece, Fleece Flurry Jacket, Cross Chill Jacket RepelShell, down for it all, run for it all neck warmer, cold terrain run beanie, chase the chill","tech fleece => tech fleece, Base Pace Fleece, Adapted State High-Rise Fleece, Fleece Flurry Jacket, Cross Chill Jacket RepelShell, down for it all, run for it all neck warmer, cold terrain run beanie, chase the chill"
scuba plush,,,"scuba plush => plush, scuba","scuba plush => scuba plush, plush, scuba"
infinity scarf,,,"infinity scarf => customizable snap, fleece lined knit neck, chevron knit neck","infinity scarf => infinity scarf, customizable snap, fleece lined knit neck, chevron knit neck"
jogging,,,"jogging => joggers, running","jogging => jogging, joggers, running"
baseball hat,,,"baseball hat => ball cap, baller hat, free run hat, free ponytail running hat, race kit hat, crushable run hat, lab run hat, train women's hat, commission hat","baseball hat => baseball hat, ball cap, baller hat, free run hat, free ponytail running hat, race kit hat, crushable run hat, lab run hat, train women's hat, commission hat"
baseball,,,"baseball => ball cap, baller hat, free run hat, free ponytail running hat, race kit hat, crushable run hat, lab run hat, train women's hat, commission hat","baseball => baseball, ball cap, baller hat, free run hat, free ponytail running hat, race kit hat, crushable run hat, lab run hat, train women's hat, commission hat"
sweatband,,,"sweatband => headband, wrist band","sweatband => sweatband, headband, wrist band"
sweat band,,,"sweat band => headband, wrist band","sweat band => sweat band, headband, wrist band"
swiftly wool,,,"swiftly wool => wool sweater, wool hoodie, swiftly","swiftly wool => swiftly wool, wool sweater, wool hoodie, swiftly"
surge warm half zip,,,surge warm half zip => surge warm 1/2 zip,"surge warm half zip => surge warm half zip, surge warm 1/2 zip"
surge half zip,,,surge half zip => surge warm 1/2 zip,"surge half zip => surge half zip, surge warm 1/2 zip"
warm leggings,,,"warm leggings => fleece leggings, cold weather leggings","warm leggings => warm leggings, fleece leggings, cold weather leggings"
multi pack,,,"multi pack => 3 pack, 5 pack, 7 back, 10 pack, 2 pack, 4 pack, 6 pack, 8 pack, 12 pack","multi pack => multi pack, 3 pack, 5 pack, 7 back, 10 pack, 2 pack, 4 pack, 6 pack, 8 pack, 12 pack"
multipack,,,"multipack => 3 pack, 5 pack, 7 back, 10 pack, 2 pack, 4 pack, 6 pack, 8 pack, 12 pack","multipack => multipack, 3 pack, 5 pack, 7 back, 10 pack, 2 pack, 4 pack, 6 pack, 8 pack, 12 pack"
sage,,,"sage => sage, saje","sage => sage, sage, saje"
sale,,,sale => we made too much,"sale => sale, we made too much"
on sale,,,on sale => we made too much,"on sale => on sale, we made too much"
black friday,,,black friday => we made too much,"black friday => black friday, we made too much"
groove align,,,"groove align => groove, align","groove align => groove align, groove, align"
flannel,,,"flannel => button down long sleeve shirt, overshirt","flannel => flannel, button down long sleeve shirt, overshirt"
here to there,,,here to there => casual,"here to there => here to there, casual"
silverescent,,,"silverescent => swiftly, metal vent tech","silverescent => silverescent, swiftly, metal vent tech"
burnt caramel,,,"burnt caramel => burnt caramel, copper brown","burnt caramel => burnt caramel, burnt caramel, copper brown"
high neck tank,,,"high neck tank => high neck tank, prod5020018,prod7030032, prod10520428, prod9750455, prod9980090, prod10020121, prod10120009, prod9600540, prod9780099, prod9820382, prod10030005, prod10680139, prod10760085","high neck tank => high neck tank, high neck tank, prod5020018, prod7030032, prod10520428, prod9750455, prod9980090, prod10020121, prod10120009, prod9600540, prod9780099, prod9820382, prod10030005, prod10680139, prod10760085"
high neck tanks,,,"high neck tanks =>  high neck tank, prod5020018,prod7030032, prod10520428, prod9750455, prod9980090, prod10020121, prod10120009, prod9600540, prod9780099, prod9820382, prod10030005, prod10680139, prod10760085","high neck tanks => high neck tanks, high neck tank, prod5020018, prod7030032, prod10520428, prod9750455, prod9980090, prod10020121, prod10120009, prod9600540, prod9780099, prod9820382, prod10030005, prod10680139, prod10760085"
align sale,,,"align sale => prod10642079, prod9490018, prod9980085, prod10470031, prod10120006, prod10642078, prod10550001, prod8360162, prod8840221, prod9770171, prod10550049, prod8840324, prod10520954, prod10520811","align sale => align sale, prod10642079, prod9490018, prod9980085, prod10470031, prod10120006, prod10642078, prod10550001, prod8360162, prod8840221, prod9770171, prod10550049, prod8840324, prod10520954, prod10520811"
align clearance,,,"align clearance => prod10642079, prod9490018, prod9980085, prod10470031, prod10120006, prod10642078, prod10550001, prod8360162, prod8840221, prod9770171, prod10550049, prod8840324, prod10520954, prod10520811","align clearance => align clearance, prod10642079, prod9490018, prod9980085, prod10470031, prod10120006, prod10642078, prod10550001, prod8360162, prod8840221, prod9770171, prod10550049, prod8840324, prod10520954, prod10520811"
dance studio full length,,,"dance studio full length => dance studio high rise pant, dance studio jogger","dance studio full length => dance studio full length, dance studio high rise pant, dance studio jogger"
swiftly sale,,,"swiftly sale => prod9900002, prod9940023, prod9940024, prod9910044, prod10300109, prod9820340, prod10060077, prod10300110, prod10650021, prod10680139","swiftly sale => swiftly sale, prod9900002, prod9940023, prod9940024, prod9910044, prod10300109, prod9820340, prod10060077, prod10300110, prod10650021, prod10680139"
happy hatha,,,"happy hatha => tote, yoga capris","happy hatha => happy hatha, tote, yoga capris"
high waist,,,high waist => high waisted,"high waist => high waist, high waisted"
blouse,,,"blouse => prod10520838, full day ahead short sleeve shirt, women button shirt","blouse => blouse, prod10520838, full day ahead short sleeve shirt, women button shirt"
blouses,,,"blouses => prod10520838, full day ahead short sleeve shirt, women button shirt","blouses => blouses, prod10520838, full day ahead short sleeve shirt, women button shirt"
tall skirt,,,"tall skirt => skirt long, skirt 15","tall skirt => tall skirt, skirt long, skirt 15"
twill pants,,,twill pants => twill pant,"twill pants => twill pants, twill pant"
outerwear,,,"outerwear => coat, jacket","outerwear => outerwear, coat, jacket"
spring jacket,,,spring jacket => spring coats and jackets,"spring jacket => spring jacket, spring coats and jackets"
hooded vest,,,"hooded vest => another mile vest, Around Vest, Sleet Street Vest","hooded vest => hooded vest, another mile vest, Around Vest, Sleet Street Vest"
dark purple,,,"dark purple => Grape Thistle, Denim Wash Print Dusky Lavender Black, petrol Purple, Water Surface Black Granite/Wisteria Purple","dark purple => dark purple, Grape Thistle, Denim Wash Print Dusky Lavender Black, petrol Purple, Water Surface Black Granite/Wisteria Purple"
cosmetic bag,,,"cosmetic bag => pouch, kit bag","cosmetic bag => cosmetic bag, pouch, kit bag"
winter hat,,,"winter hat => beanie, trapper hat, insulated hat","winter hat => winter hat, beanie, trapper hat, insulated hat"
winter hats,,,"winter hats => beanie, trapper hat, insulated hat","winter hats => winter hats, beanie, trapper hat, insulated hat"
thermal hats,,,"thermal hats => beanie, trapper hat, insulated hat","thermal hats => thermal hats, beanie, trapper hat, insulated hat"
fuschia,partial,sku_colorCodeDesc,fuschia => magenta,"fuschia => fuschia, magenta"
plush,,,plush => sherpa,"plush => plush, sherpa"
align 24,,,"align 24 => align 23, align 25","align 24 => align 24, align 23, align 25"
top,partial,parentCategory_displayName,top => shirt,"top => top, shirt"
studio sock,,,"studio sock => studio sock, find your balance sock, find your balance leg warmer","studio sock => studio sock, studio sock, find your balance sock, find your balance leg warmer"
studio socks,,,"studio socks => studio sock, find your balance sock, find your balance leg warmer","studio socks => studio socks, studio sock, find your balance sock, find your balance leg warmer"
studio,,,"studio => studio, find your balance sock, find your balance leg warmer","studio => studio, studio, find your balance sock, find your balance leg warmer"
warm jacket,,,"warm jacket => mid warmth, high warmth, full warmth","warm jacket => warm jacket, mid warmth, high warmth, full warmth"
sweater dress,,,"sweater dress => fleece dress, sweater dress","sweater dress => sweater dress, fleece dress, sweater dress"
wrap top,,,"wrap top => wrap shirt, wrap front","wrap top => wrap top, wrap shirt, wrap front"
crescent tee,,,"crescent tee => crescent tee, crescent t shirt","crescent tee => crescent tee, crescent tee, crescent t shirt"
free to be moved,,,free to be moved => free to be bra,"free to be moved => free to be moved, free to be bra"
skincare,,,"skincare => balm, deodorant, deoderant, lotion, hand sanitizer, sunscreen, moisturizer","skincare => skincare, balm, deodorant, deoderant, lotion, hand sanitizer, sunscreen, moisturizer"
skin care,,,"skin care => balm, deodorant, deoderant, lotion, hand sanitizer, sunscreen, moisturizer","skin care => skin care, balm, deodorant, deoderant, lotion, hand sanitizer, sunscreen, moisturizer"
deep red,,,"deep red => dark red, red merlot, deep red","deep red => deep red, dark red, red merlot, deep red"
cream,,,"cream => white opal, cream","cream => cream, white opal, cream"
diaper,,,diaper => new parent,"diaper => diaper, new parent"
bright blue,,,"bright blue => royal blue, regatta blue, cerulean blue, symphony blue, blue nile, bluebell, blazer blue, capri, capture blue","bright blue => bright blue, royal blue, regatta blue, cerulean blue, symphony blue, blue nile, bluebell, blazer blue, capri, capture blue"
track that mr,,,track that mr => track that,"track that mr => track that mr, track that"
black groove,,,"black groove => groove pant, black flare pant","black groove => black groove, groove pant, black flare pant"
olympic gear,,,olympic gear => team canada,"olympic gear => olympic gear, team canada"
puffer scarf,,,"puffer scarf => down scarf, quilted scarf, insulated scarf","puffer scarf => puffer scarf, down scarf, quilted scarf, insulated scarf"
puffy scarf,,,"puffy scarf => down scarf, quilted scarf, insulated scarf","puffy scarf => puffy scarf, down scarf, quilted scarf, insulated scarf"
little backpack,,,"little backpack => nano backpack, small backpacks","little backpack => little backpack, nano backpack, small backpacks"
reveal bra,,,"reveal bra => ebb to street bra, ebb to train bra","reveal bra => reveal bra, ebb to street bra, ebb to train bra"
scuba pullover,,,"scuba pullover => scuba hoodie, scuba crew, scuba half zip, scuba oversized","scuba pullover => scuba pullover, scuba hoodie, scuba crew, scuba half zip, scuba oversized"
scuba pullover,,,"scuba pullover => scuba hoodie, scuba sweatshirt","scuba pullover => scuba pullover, scuba hoodie, scuba sweatshirt"
keychain,,,"keychain => keychain, nano backpack","keychain => keychain, keychain, nano backpack"
key pouch,,,"key pouch => logo pouch, nano backpack, small things count kit","key pouch => key pouch, logo pouch, nano backpack, small things count kit"
keychain wallet,,,"keychain wallet => logo pouch, nano backpack, small things count kit","keychain wallet => keychain wallet, logo pouch, nano backpack, small things count kit"
wrist pouch,,,"wrist pouch => dual pouch wristlet, now and always pouch, small things count kit, curved wristlet","wrist pouch => wrist pouch, dual pouch wristlet, now and always pouch, small things count kit, curved wristlet"
keypouch,,,"keypouch => logo pouch, nano backpack, dual pouch wristlet","keypouch => keypouch, logo pouch, nano backpack, dual pouch wristlet"
keychain pouch,,,"keychain pouch => logo pouch, nano backpack, dual pouch wristlet","keychain pouch => keychain pouch, logo pouch, nano backpack, dual pouch wristlet"
wallet keychain,,,"wallet keychain => dual pouch wristlet, logo pouch, nano backpack, small things count kit, curved wristlet","wallet keychain => wallet keychain, dual pouch wristlet, logo pouch, nano backpack, small things count kit, curved wristlet"
train to be tee,,,train to be tee => train to be short sleeve,"train to be tee => train to be tee, train to be short sleeve"
dual wristlet,,,"dual wristlet => dual pouch wristlet, now and always pouch, small things count kit, curved wristlet","dual wristlet => dual wristlet, dual pouch wristlet, now and always pouch, small things count kit, curved wristlet"
dual wrist pouch,,,"dual wrist pouch => dual pouch wristlet, now and always pouch, small things count kit, curved wristlet","dual wrist pouch => dual wrist pouch, dual pouch wristlet, now and always pouch, small things count kit, curved wristlet"
overall,,,"overall => zippered jumpsuit, pocketed romper","overall => overall, zippered jumpsuit, pocketed romper"
overalls,,,"overalls => zippered jumpsuit, pocketed romper","overalls => overalls, zippered jumpsuit, pocketed romper"
radiant,,,"radiant => define jacket, scuba full zip hoodie","radiant => radiant, define jacket, scuba full zip hoodie"
dual pouch,,,"dual pouch => dual pouch wristlet, now and always pouch, small things count kit, curved wristlet","dual pouch => dual pouch, dual pouch wristlet, now and always pouch, small things count kit, curved wristlet"
rainbow sock,,,"rainbow sock => sock rainbow, prod9750654, prod10900019","rainbow sock => rainbow sock, sock rainbow, prod9750654, prod10900019"
all yours,,,"all yours => loungeful, all yours","all yours => all yours, loungeful, all yours"
butterfly shorts,,,"butterfly shorts => track that short, inner glow short, evergreen short, find your pace short, nulu and mesh shorts","butterfly shorts => butterfly shorts, track that short, inner glow short, evergreen short, find your pace short, nulu and mesh shorts"
ruffle,,,"ruffle => tennis time, court rival skirt","ruffle => ruffle, tennis time, court rival skirt"
cosmetic,,,cosmetic => selfcare,"cosmetic => cosmetic, selfcare"
aqua,,,"aqua => teal, turquoise","aqua => aqua, teal, turquoise"
oval top access,,,oval top access => toiletry,"oval top access => oval top access, toiletry"
tee,,,tee => take,"tee => tee, take"
logo t,,,logo t => graphic shirt,"logo t => logo t, graphic shirt"
logo tee,,,logo tee => graphic shirt,"logo tee => logo tee, graphic shirt"
scoop neck,,,"scoop neck => swiftly racerback, cool racerback, ebb to street tank, love tank, scoop dress, wundermost","scoop neck => scoop neck, swiftly racerback, cool racerback, ebb to street tank, love tank, scoop dress, wundermost"
volleyball,,,"volleyball => athletic shorts, sports bra, headband","volleyball => volleyball, athletic shorts, sports bra, headband"
volley ball,,,"volley ball => athletic shorts, sports bra, headband","volley ball => volley ball, athletic shorts, sports bra, headband"
beach volleyball,,,"beach volleyball => athletic shorts, sports bra, headband","beach volleyball => beach volleyball, athletic shorts, sports bra, headband"
long shorts,,,"long shorts => 10, 11","long shorts => long shorts, 10, 11"
collar,,,"collar => collar, button down","collar => collar, collar, button down"
baby pink,,,"baby pink => peach satin, strawberry milkshake, dew pink, pink mist","baby pink => baby pink, peach satin, strawberry milkshake, dew pink, pink mist"
bathing suit,,,bathing suit => swim,"bathing suit => bathing suit, swim"
swimwear,,,swimwear => swim,"swimwear => swimwear, swim"
swimsuit,partial,product_customAttribute4,swimsuit => swim,"swimsuit => swimsuit, swim"
board short,full,product_customAttribute4,board short => swim trunk,"board short => board short, swim trunk"
men swim short,,,men swim short => swim trunk,"men swim short => men swim short, swim trunk"
logo waistband,,,"logo waistband => align leggings, wunder train leggings, invigorate leggings, astro pant, crisscross tight","logo waistband => logo waistband, align leggings, wunder train leggings, invigorate leggings, astro pant, crisscross tight"
still,,,still => wide leg,"still => still, wide leg"
effortless,,,effortless => women lightweight jacket,"effortless => effortless, women lightweight jacket"
card holder,,,"card holder => card case, logo pouch","card holder => card holder, card case, logo pouch"
cardholder,,,"cardholder => card case, logo pouch","cardholder => cardholder, card case, logo pouch"
athletic bag,,,"athletic bag => hiking bag, yoga bag, workout bag, running bag, golf bag, tennis bag, training bag","athletic bag => athletic bag, hiking bag, yoga bag, workout bag, running bag, golf bag, tennis bag, training bag"
mustard yellow,,,"mustard yellow => auric gold, soleil, spiced bronze, gold spice","mustard yellow => mustard yellow, auric gold, soleil, spiced bronze, gold spice"
mustard,,,"mustard => auric gold, soleil, spiced bronze, gold spice","mustard => mustard, auric gold, soleil, spiced bronze, gold spice"
paper,,,paper => shorts,"paper => paper, shorts"
at ease,full,collections,"at ease => textured double knit, ease","at ease => at ease, textured double knit, ease"
commission shorts,,,commission shorts => abc shorts,"commission shorts => commission shorts, abc shorts"
boatnecks,,,boatnecks => boatneck,"boatnecks => boatnecks, boatneck"
soccer shorts,,,soccer shorts => shorts,"soccer shorts => soccer shorts, shorts"
